{"alpha": 0.05, "values": [[0.7104125022888184, -0.9625385403633118, 1.6340967416763306, 1.5235594511032104], [0.7104125022888184, -0.9625385403633118, 1.6340967416763306, 1.5235594511032104], [0.7104125022888184, -0.9625385403633118, 1.6340967416763306, 1.5235594511032104]], "return_input_values": true}