{"alpha": 0.05, "values": [[0.26351138949394226, -0.13706527650356293, 1.1160115003585815, -0.9980436563491821], [0.571483850479126, -1.5495537519454956, 0.6558423638343811, -0.575227677822113], [0.3566228747367859, -0.9289571642875671, 0.8812775611877441, -0.33176565170288086], [0.790524959564209, -2.1714589595794678, 2.1179139614105225, -1.1432405710220337], [0.007552780210971832, -0.7427639961242676, 1.5254634618759155, -0.6208521723747253], [0.6845935583114624, -2.28054141998291, 1.899860143661499, -1.017835259437561]], "return_input_values": true}
